"group","permission","target"
"People","people.view","people-hr"
"People","people.view_team","people-hr"
"People","people.view_all","people-hr"
"People","people.manage","people-hr"
"Organization","organization.view","people-hr"
"Organization","organization.manage","people-hr"
"Projects","projects.view","work-management"
"Projects","projects.view_assigned","work-management"
"Projects","projects.view_all","work-management"
"Projects","projects.manage","work-management"
"Tasks","tasks.view","work-management"
"Tasks","tasks.view_own","work-management"
"Tasks","tasks.view_team","work-management"
"Tasks","tasks.view_all","work-management"
"Tasks","tasks.manage_team","work-management"
"Tasks","tasks.manage","work-management"
"Tasks","tasks.workflow_manage","work-management"
"Time","time.view_own","time-attendance"
"Time","time.view_team","time-attendance"
"Time","time.view_all","time-attendance"
"Time","time.manage","time-attendance"
"Attendance","attendance.view_own","time-attendance"
"Attendance","attendance.view_team","time-attendance"
"Attendance","attendance.manage","time-attendance"
"Attendance","attendance.policy_manage","time-attendance"
"Scheduling","scheduling.view_own","time-attendance"
"Scheduling","scheduling.view_team","time-attendance"
"Scheduling","scheduling.manage","time-attendance"
"Approvals","approvals.view_own","work-management"
"Approvals","approvals.review","work-management"
"Approvals","approvals.workflow_manage","work-management"
"Approvals","approvals.audit","work-management"
"Activity","activity.view_own","workforce-operations"
"Activity","activity.view_team","workforce-operations"
"Activity","activity.view_all","workforce-operations"
"Activity","activity.manage","workforce-operations"
"Activity","activity.rules_manage","workforce-operations"
"Screenshots","screenshots.view_own","workforce-operations"
"Screenshots","screenshots.view_team","workforce-operations"
"Screenshots","screenshots.view_all","workforce-operations"
"Screenshots","screenshots.manage","workforce-operations"
"Screenshots","screenshots.settings_manage","workforce-operations"
"Screenshots","screenshots.storage_manage","workforce-operations"
"Payroll","payroll.view_own","finance-payroll"
"Payroll","payroll.view_all","finance-payroll"
"Payroll","payroll.manage","finance-payroll"
"Reports","reports.view","intelligence"
"Reports","reports.manage","intelligence"
"Documents","documents.view","content-studio"
"Documents","documents.generate","content-studio"
"Documents","documents.manage","content-studio"
"Documents","documents.templates_manage","content-studio"
"Documents","documents.share","content-studio"
"Documents","documents.sign","content-studio"
"Documents","documents.approve","content-studio"
"Documents","documents.components_manage","content-studio"
"Website","website.view","content-studio"
"Website","website.manage","content-studio"
"Website","website.publish","content-studio"
"Website","website.forms_manage","content-studio"
"Website","website.submissions_view","content-studio"
"Media","media.view","content-studio"
"Media","media.manage","content-studio"
"Lifecycle","trash.view","administration"
"Lifecycle","trash.restore","administration"
"Lifecycle","trash.purge","administration"
"Chat","chat.view","collaboration"
"Chat","chat.create","collaboration"
"Chat","chat.manage","collaboration"
"Chat","chat.moderate","collaboration"
"Chat","chat.guests_manage","collaboration"
"Chat","chat.retention_manage","collaboration"
"Chat","chat.export","collaboration"
"Chat","chat.legal_hold_manage","collaboration"
"Chat","chat.dlp_manage","collaboration"
"Clients","clients.view","clients-commerce"
"Clients","clients.manage","clients-commerce"
"Clients","client_payments.manage","clients-commerce"
"Clients","client_invoices.recurring_manage","clients-commerce"
"Devices","devices.view","workforce-operations"
"Devices","devices.manage","workforce-operations"
"Settings","settings.view","administration"
"Settings","settings.manage","administration"
"Access","access.view","administration"
"Access","access.manage","administration"
"Modules","modules.view","administration"
"Modules","modules.manage","administration"
"Billing","billing.manage","finance-payroll"
"Notifications","notifications.manage","home"
"Integrations","integrations.view","administration"
"Integrations","integrations.manage","administration"
"API","api.manage","administration"
"Security","security.audit.view","administration"
"Security","security.manage","administration"
"HRIS","hris.view_own","people-hr"
"HRIS","hris.view_team","people-hr"
"HRIS","hris.view_all","people-hr"
"HRIS","hris.manage","people-hr"
"HRIS","hris.documents.manage","people-hr"
"HRIS","hris.assets.manage","people-hr"
"HRIS","hris.policies.manage","people-hr"
"HRIS","hris.lifecycle.manage","people-hr"
"Performance","performance.view_own","people-hr"
"Performance","performance.view_team","people-hr"
"Performance","performance.view_all","people-hr"
"Performance","performance.manage","people-hr"
"Performance","performance.reviews.manage","people-hr"
"Performance","performance.skills.manage","people-hr"
"Performance","performance.learning.manage","people-hr"
"Performance","performance.surveys.manage","people-hr"
"Performance","performance.compensation.manage","people-hr"
"Expenses","expenses.view_own","finance-payroll"
"Expenses","expenses.view_team","finance-payroll"
"Expenses","expenses.manage","finance-payroll"
"Expenses","expenses.policies.manage","finance-payroll"
"Procurement","procurement.view","finance-payroll"
"Procurement","procurement.request","finance-payroll"
"Procurement","procurement.manage","finance-payroll"
"Job Costing","job_costing.view","finance-payroll"
"Job Costing","job_costing.manage","finance-payroll"
"Finance","cost_centers.manage","finance-payroll"
"Payroll Compliance","payroll.compliance.view","finance-payroll"
"Payroll Compliance","payroll.compliance.manage","finance-payroll"
"Payroll Compliance","payroll.exports.manage","finance-payroll"
"Payroll Compliance","payroll.contractors.manage","finance-payroll"
"Field Workforce","field.view_own","workforce-operations"
"Field Workforce","field.view_team","workforce-operations"
"Field Workforce","field.manage","workforce-operations"
"Field Workforce","field.forms.manage","workforce-operations"
"Field Workforce","field.incidents.manage","workforce-operations"
"Enterprise","enterprise.identity.manage","administration"
"Enterprise","enterprise.scim.manage","administration"
"Enterprise","enterprise.security.manage","administration"
"Enterprise","enterprise.governance.manage","administration"
"Automations","automations.view","work-management"
"Automations","automations.manage","work-management"
"Automations","automations.runs.view","work-management"
"Intelligence","intelligence.view_own","intelligence"
"Intelligence","intelligence.view_team","intelligence"
"Intelligence","intelligence.view_all","intelligence"
"Intelligence","intelligence.manage","intelligence"
"Intelligence","intelligence.rules_manage","intelligence"
"Platform","platform.view","platform-console"
"Platform","platform.manage","platform-console"
"Platform","platform.branding.manage","platform-console"
"Platform","platform.partner.manage","platform-console"
"Platform","platform.addons.manage","platform-console"
"Platform","platform.imports.manage","platform-console"
"Platform","platform.sandboxes.manage","platform-console"
