component,category,status,feature_import_policy
Page,Layout,authoritative,Import from design-system
PageHeader,Layout,authoritative,Import from design-system
Stack,Layout,authoritative,Import from design-system
Inline,Layout,authoritative,Import from design-system
Divider,Layout,authoritative,Import from design-system
FormSection,Form layout,authoritative,Import from design-system
FormGrid,Form layout,authoritative,Import from design-system
FormActions,Form layout,authoritative,Import from design-system
Card,Surface,authoritative,Import from design-system
CardHeader,Surface,authoritative,Import from design-system
CardBody,Surface,authoritative,Import from design-system
CardFooter,Surface,authoritative,Import from design-system
ButtonVariant,Supporting contract,authoritative,Import from design-system
Pressable,Action,authoritative,Import from design-system
Checkbox,Choice,authoritative,Import from design-system
Radio,Choice,authoritative,Import from design-system
ChoiceInput,Choice,authoritative,Import from design-system
HiddenFileInput,Form,authoritative,Import from design-system
Image,Media,authoritative,Import from design-system
ProgressBar,Status,authoritative,Import from design-system
Button,Action,authoritative,Import from design-system
IconButton,Action,authoritative,Import from design-system
RefreshButton,Action,authoritative,Import from design-system
Field,Form,authoritative,Import from design-system
Input,Form,authoritative,Import from design-system
Textarea,Form,authoritative,Import from design-system
Select,Form,authoritative,Import from design-system
SearchInput,Form,authoritative,Import from design-system
Segmented,Choice,authoritative,Import from design-system
Tabs,Navigation,authoritative,Import from design-system
ViewModeToggle,Navigation,authoritative,Import from design-system
Badge,Status,authoritative,Import from design-system
Avatar,Media,authoritative,Import from design-system
Progress,Status,authoritative,Import from design-system
StatCard,Status,authoritative,Import from design-system
Alert,Feedback,authoritative,Import from design-system
TableWrap,Data,authoritative,Import from design-system
Switch,Choice,authoritative,Import from design-system
Modal,Overlay,authoritative,Import from design-system
Drawer,Overlay,authoritative,Import from design-system
MenuItem,Supporting contract,authoritative,Import from design-system
Dropdown,Overlay,authoritative,Import from design-system
Popover,Overlay,authoritative,Import from design-system
Tooltip,Overlay,authoritative,Import from design-system
EmptyState,Feedback,authoritative,Import from design-system
Kbd,Utility,authoritative,Import from design-system
DataGridSortDirection,Supporting contract,authoritative,Import from design-system
DataGridFilterOption,Supporting contract,authoritative,Import from design-system
DataGridFilterConfig,Supporting contract,authoritative,Import from design-system
DataGridColumn,Supporting contract,authoritative,Import from design-system
DataGridQuery,Supporting contract,authoritative,Import from design-system
dataGridQueryParams,Supporting contract,authoritative,Import from design-system
DataGridBulkAction,Supporting contract,authoritative,Import from design-system
DataGrid,Data,authoritative,Import from design-system
Box,Layout,authoritative,Import from design-system
Grid,Layout,authoritative,Import from design-system
Text,Typography,authoritative,Import from design-system
Form,Form layout,authoritative,Import from design-system
Label,Form,authoritative,Import from design-system
Option,Form,authoritative,Import from design-system
Link,Navigation,authoritative,Import from design-system
